"","Div","Date","HomeTeam","AwayTeam","FTHG","FTAG","FTR","HTHG","HTAG","HTR","PSH","PSD","PSA","HTCS","CS","HS","HST","AS","AST","HY","AY","HR","AR","HCO","ACO","HF","AF","TG","TC","TF","COSC","OV15","OV25","OV35","TY","TR","matchid","goalmins","n","shirts","Bookings","Crossbookings","GoalsXbookings","CornersXbookings","ShirtsXbookings","GoalsXcorners","GoalsXshirts","ShirtsXcorners","TGMXcorners","GoalsXcornerXbookings"
"1","SP1",2025-10-25,"Girona","Oviedo",3,3,"D",0,1,"A",1.8,3.6,4.6,"0-1","3-3",8,6,10,5,4,3,0,0,11,4,13,16,6,15,29,"11-4","Y","Y","Y",7,0,"Girona-Oviedo",422,6,80,70,1200,420,1050,5600,90,480,1200,6330,6300
"2","SP1",2025-10-31,"Getafe","Girona",2,1,"H",0,0,"D",2.15,2.9,4,"0-0","2-1",12,4,8,4,1,1,0,0,8,3,17,15,3,11,32,"8-3","Y","Y","N",2,0,"Getafe-Girona",248,3,22,20,100,60,220,440,33,66,242,2728,660
"3","SP1",2025-11-08,"Girona","Alaves",1,0,"H",1,0,"H",2.45,3.2,3,"1-0","1-0",10,2,14,5,0,3,0,0,6,1,9,15,1,7,24,"6-1","N","N","N",3,0,"Girona-Alaves",16,1,15,30,0,30,210,450,7,15,105,112,210
"4","SP1",2025-11-23,"Betis","Girona",1,1,"D",0,1,"A",1.5,4.1,5.25,"0-1","1-1",23,7,11,4,3,4,1,0,8,0,10,16,2,8,26,"8-0","Y","N","N",7,1,"Betis-Girona",95,2,25,95,2200,190,760,2375,16,50,200,760,1520
"5","SP1",2025-10-26,"Real Madrid","Barcelona",2,1,"H",2,1,"H",1.91,4,3.1,"2-1","2-1",23,10,15,6,5,5,1,1,12,4,12,9,3,16,21,"12-4","Y","Y","N",10,2,"Real Madrid-Barcelona",103,3,31,150,5625,450,2400,4650,48,93,496,1648,7200
"6","SP1",2025-11-01,"Real Madrid","Valencia",4,0,"H",3,0,"H",1.15,8,15,"3-0","4-0",21,11,4,1,1,1,0,0,7,1,14,7,4,8,21,"7-1","Y","Y","Y",2,0,"Real Madrid-Valencia",176,4,43,20,100,80,160,860,32,172,344,1408,640
"7","SP1",2025-11-09,"Vallecano","Real Madrid",0,0,"D",0,0,"D",5.75,4.33,1.45,"0-0","0-0",13,2,21,5,3,2,0,0,5,8,17,7,0,13,24,"5-8","N","N","N",5,0,"Vallecano-Real Madrid",0,0,0,50,600,0,650,0,0,0,0,0,0
"8","SP1",2025-11-23,"Elche","Real Madrid",2,2,"D",0,0,"D",7.5,4.8,1.33,"0-0","2-2",15,6,20,7,4,0,1,0,2,8,10,8,4,10,18,"2-8","Y","Y","Y",4,1,"Elche-Real Madrid",302,4,63,65,0,260,650,4095,40,252,630,3020,2600
"9","SP1",2025-11-23,"Elche","Real Madrid",2,2,"D",0,0,"D",7.5,4.8,1.33,"0-0","2-2",15,6,20,7,4,0,1,0,2,8,10,8,4,10,18,"2-8","Y","Y","Y",4,1,"Elche-Real Madrid",170.25,2.875,34.875,62.5,1228.125,186.25,762.5,2308.75,33.25,141,402.125,2000.75,2391.25
