"","Div","Date","HomeTeam","AwayTeam","FTHG","FTAG","FTR","HTHG","HTAG","HTR","PSH","PSD","PSA","HTCS","CS","HS","HST","AS","AST","HY","AY","HR","AR","HCO","ACO","HF","AF","TG","TC","TF","COSC","OV15","OV25","OV35","TY","TR","n","Bookings","Crossbookings","GoalsXbookings","CornersXbookings","GoalsXcorners","GoalsXcornerXbookings"
"2141","N1",2025-10-26,"Twente","Ajax",2,3,"A",1,0,"H",2.25,3.6,2.88,"1-0","2-3",21,5,9,6,0,2,0,0,6,1,14,13,5,7,27,"6-1","Y","Y","Y",2,0,5,20,0,100,140,35,700
"2146","N1",2025-11-01,"Ajax","Heerenveen",1,1,"D",1,0,"H",1.53,4.4,5.25,"1-0","1-1",9,2,17,7,0,2,0,0,5,4,6,16,2,9,22,"5-4","Y","N","N",2,0,2,20,0,40,180,18,360
"2159","N1",2025-11-09,"Utrecht","Ajax",2,1,"H",1,0,"H",2.7,3.6,2.38,"1-0","2-1",16,6,10,4,1,0,0,0,6,4,15,10,3,10,25,"6-4","Y","Y","N",1,0,3,10,0,30,100,30,300
"2164","N1",2025-11-22,"Ajax","Excelsior",1,2,"A",0,1,"A",1.33,5.25,7.5,"0-1","1-2",15,5,8,4,2,1,0,0,9,2,4,13,3,11,17,"9-2","Y","Y","N",3,0,3,30,200,90,330,33,990
"2137","N1",2025-10-25,"For Sittard","Groningen",1,2,"A",0,1,"A",2.75,3.3,2.5,"0-1","1-2",9,3,16,10,3,1,0,0,7,7,14,9,3,14,23,"7-7","Y","Y","N",4,0,3,40,300,120,560,42,1680
"2151","N1",2025-11-02,"Groningen","Twente",1,1,"D",0,0,"D",NA,NA,NA,"0-0","1-1",18,7,10,4,2,4,0,0,7,3,7,12,2,10,19,"7-3","Y","N","N",6,0,2,60,800,120,600,20,1200
"2160","N1",2025-11-09,"Nijmegen","Groningen",2,0,"H",0,0,"D",1.93,3.7,3.6,"0-0","2-0",13,5,10,4,1,1,0,0,9,3,6,13,2,12,19,"9-3","Y","N","N",2,0,2,20,100,40,240,24,480
"2171","N1",2025-11-23,"Groningen","Zwolle",2,2,"D",1,1,"D",1.55,4.1,5.5,"1-1","2-2",39,13,5,3,1,3,0,1,13,0,11,9,4,13,20,"13-0","Y","Y","Y",4,1,4,65,550,260,845,52,3380
"9","N1",2025-11-23,"Groningen","Zwolle",2,2,"D",1,1,"D",1.55,4.1,5.5,"1-1","2-2",39,13,5,3,1,3,0,1,13,0,11,9,4,13,20,"13-0","Y","Y","Y",4,1,3,33.125,243.75,100,374.375,31.75,1136.25
